tag,frequencies
property,29370
Other words,25585
site,18674
building,11415
subject,7103
former,5347
commercial,5287
city,4917
portion,4621
storage,4339
land,4098
use,3574
parcel,3542
station,3024
current,2968
facility,2943
area,2940
prior,2876
street,2432
parking,2373
repair,2361
company,2330
auto,2293
service,2268
lot,2211
structure,2198
north,2146
manufacturing,2012
east,1922
south,1908
gas,1872
phase,1870
west,1842
office,1840
oil,1824
gasoline,1800
railroad,1726
other,1645
owner,1498
shop,1492
present,1483
county,1446
store,1421
school,1396
part,1368
square,1356
time,1356
mill,1322
construction,1260
development,1257
concrete,1238
past,1202
soil,1146
first,1145
main,1136
business,1115
western,1065
fire,1047
being,1020
garage,1005
lumber,994
water,968
metal,964
plant,933
center,919
waste,911
assessment,910
rail,910
review,894
potential,890
underground,879
residence,867
tank,845
avenue,841
fuel,826
side,823
corner,809
state,808
ownership,804
car,785
foot,783
yard,779
most,770
machine,766
community,761
maintenance,754
house,739
home,728
tax,724
town,723
operation,718
information,713
equipment,713
park,710
road,707
coal,704
steel,690
department,663
floor,661
public,652
will,649
heavy,646
space,633
general,627
back,622
wood,615
well,608
original,607
river,599
acre,595
housing,590
paint,585
due,580
private,562
story,551
asphalt,545
family,542
location,526
furniture,515
light,509
brick,503
downtown,501
ground,487
history,485
addition,485
block,482
gravel,480
second,479
southeast,478
corporation,466
restaurant,461
section,453
fill,446
insurance,441
church,435
presence,434
grocery,434
bulk,427
vehicle,427
paper,425
supply,424
access,420
airfield,417
evidence,400
surface,399
truck,395
following,391
map,387
dwelling,387
debris,385
power,384
standard,380
consist,379
material,379
release,371
bank,371
local,367
number,360
complex,357
farm,355
many,354
majority,354
district,350
project,349
hotel,344
tire,342
grass,336
printing,332
manufacturer,329
address,327
apartment,326
still,324
removal,319
chemical,318
last,317
lead,316
high,313
down,310
shed,307
basement,305
hospital,303
heating,302
system,298
production,298
lake,298
range,296
distribution,293
vicinity,292
end,292
line,290
document,290
mining,289
highway,289
factory,286
body,284
scrap,280
authority,279
investigation,277
fort,274
air,272
half,272
mobile,271
iron,269
possible,264
date,263
total,263
beginning,260
purchase,259
future,259
operating,259
title,257
interior,253
creek,252
variety,251
place,250
pump,249
township,247
laundry,245
treatment,245
military,245
processing,241
union,241
tract,240
food,239
action,238
village,238
disposal,237
trust,237
convenience,234
health,234
closure,233
march,232
remains,231
data,229
boundary,228
motor,228
grain,226
agency,225
dump,220
show,219
drive,219
hall,218
primary,215
diesel,214
condition,212
report,212
ice,210
grant,210
support,207
neighborhood,207
cleaner,207
exception,206
process,205
field,202
monitoring,201
work,198
directory,198
initial,196
glass,196
feed,192
foundation,192
size,191
usage,190
boat,188
spur,187
army,185
program,184
wash,184
bay,183
exterior,183
post,182
flat,182
valley,181
cotton,181
market,180
level,175
gallon,173
tool,171
left,170
plan,169
tribe,167
board,166
room,166
engine,166
sale,163
front,160
rock,159
pit,159
survey,158
estate,158
transportation,157
poor,156
motel,156
period,156
depot,155
mine,155
freight,155
target,154
vegetation,154
research,153
island,152
painting,152
transfer,152
real,151
name,150
rubber,149
trailer,149
port,149
fence,148
order,147
corridor,147
sand,146
point,143
control,142
roof,142
source,142
illegal,141
shoe,140
meat,140
clothing,140
hardware,139
way,139
planning,138
landing,138
bus,138
impact,137
theater,137
lust,136
deed,136
group,135
can,135
day,134
utility,133
care,132
loading,130
shopping,130
government,130
green,128
machinery,128
tenant,127
record,127
wall,127
concern,126
club,126
working,124
steam,124
sheet,124
barber,124
junk,123
police,123
major,122
cement,122
id,121
barn,121
administration,120
railway,120
native,120
campus,120
beauty,119
mix,118
form,118
product,117
stone,117
airport,117
pond,117
driveway,116
completion,116
individual,115
agriculture,115
strip,113
pipe,113
training,112
dairy,112
war,112
plastic,112
drug,112
management,111
quality,111
white,111
footprint,111
elevator,110
fly,110
trail,109
mile,109
box,108
result,107
documentation,107
database,107
chain,106
sewer,106
division,105
recreation,105
activity,105
court,104
purpose,104
few,104
hanger,104
wholesale,103
cold,103
fertilizer,103
masonry,102
row,101
route,101
unit,100
world,100
saw,99
league,99
contractor,99
engineering,99
assembly,98
edge,98
black,98
bankruptcy,97
photograph,97
letter,97
council,97
inspection,97
alley,96
upper,96
base,95
association,95
middle,95
garden,94
college,94
interview,94
tower,94
smith,94
grade,93
drainage,93
funding,93
door,93
connection,93
full,92
flood,92
library,92
grand,90
quarter,90
salt,90
testing,90
mall,90
pine,90
forest,89
type,89
gateway,89
sign,89
inside,88
tractor,88
terminal,88
aluminum,88
bar,88
leather,88
industry,87
legal,87
tin,87
log,87
bridge,87
battery,87
age,86
ship,86
turn,86
protection,86
window,86
scale,84
wire,84
track,84
generator,84
setting,84
bowling,84
outside,84
acquisition,83
dirt,83
developer,83
jail,83
expansion,83
mountain,83
making,83
golf,83
household,82
need,82
movie,82
farmland,82
ash,82
emergency,82
fish,82
agreement,81
hill,81
professional,81
cover,81
guard,80
lawn,80
produce,80
pool,80
extent,80
university,79
rear,79
carriage,79
year,78
blue,78
commission,78
proximity,77
status,77
file,77
close,77
living,77
identification,77
timber,76
harbor,76
minor,76
boulevard,76
orchard,76
pole,76
list,76
good,75
antique,75
pad,75
desert,74
cattle,74
funeral,74
heat,74
education,74
right,74
train,73
link,73
nursing,73
canal,73
risk,73
bottling,72
beyond,72
clay,72
dock,72
bureau,72
nature,72
century,70
baseball,70
implement,69
permit,69
description,69
senior,69
spill,69
installation,69
tree,69
print,69
sample,69
spring,68
die,68
stock,68
shipping,68
farming,68
custom,67
metro,67
lift,67
conduct,67
brass,67
photography,66
act,66
force,66
meeting,66
study,66
museum,65
broad,65
response,65
tile,65
appliance,64
auction,64
drum,64
vinyl,64
safety,64
canopy,64
camp,64
human,64
investment,64
storm,63
personal,63
ford,63
amount,63
roadway,63
course,63
memorial,63
cabinet,63
configuration,63
temporary,62
organization,62
propane,62
siding,62
stable,62
capacity,62
series,62
animal,61
wagon,61
radiator,61
art,61
run,61
brown,60
tobacco,60
closing,60
clinic,60
summer,60
lack,60
liquid,60
pile,60
liquor,60
laboratory,60
bakery,59
screening,59
silver,59
photo,59
trash,59
gun,59
radio,59
livestock,58
tavern,58
region,58
king,58
border,57
screen,57
common,57
hair,57
stop,57
drain,57
mineral,56
zone,56
party,56
pavement,56
cream,56
design,56
fiberglass,55
top,55
plume,55
stream,55
ceiling,55
final,55
howard,55
cross,54
refuse,54
register,54
telephone,53
newspaper,53
shore,53
transit,53
jewelry,53
lane,53
carpet,53
fruit,53
horse,53
salon,52
contract,52
copper,52
pasture,52
thrift,52
hay,52
beach,52
case,52
transmission,52
reservation,52
cutting,51
recovery,51
interest,51
contact,51
transport,51
